CHROM,POS,REF,ALT
chr10,6052734,C,T
chr12,111270654,A,C
chr1,113834946,A,G
chr6,32700133,G,A
chr11,2148913,G,A
chr16,11144926,G,A
chr2,25078886,A,T
chr2,28423934,G,A
chr6,170063801,T,C
chr7,28189423,G,A
chr8,118965098,A,G
chr10,98540425,C,T
chr11,69781755,G,A
chr13,75752146,A,T
chr14,23370824,C,T
chr12,56018703,T,G
chr1,84845509,C,T
chr6,90247744,C,T
chr9,4292083,G,A
chr15,38546063,T,C
chr21,42416281,A,G
chr1,113834946,A,G
chr1,206766559,G,A
chr2,162267541,C,T
chr2,203874196,G,A
chr4,122408207,G,A
chr4,122456825,A,C
chr6,90248512,C,G
chr10,6055320,T,C
chr11,2148913,G,A
chr11,2160994,A,T
chr12,56018703,T,G
chr12,56088396,T,G
chr12,111446804,T,C
chr15,38614840,A,G
chr16,11086016,A,G
chr16,28528527,C,T
chr17,39884510,G,A
chr18,12779948,G,T
chr18,69864406,T,C
chr19,10364976,C,A
chr21,42421219,C,A
chr22,37155567,A,G
chr1,63643100,T,C
chr1,113834946,A,G
chr1,206766559,G,A
chr2,12500615,G,A
chr2,162267541,C,T
chr2,203874196,G,A
chr4,26083889,G,A
chr4,122211337,A,G
chr6,32440750,C,G
chr6,90248512,C,G
chr6,126377573,A,G
chr7,26852046,T,C
chr7,50959497,A,C
chr9,4291747,C,G
chr10,6081532,C,T
chr10,6430929,G,T
chr10,88263276,T,C
chr11,2191936,C,T
chr12,9757568,G,A
chr12,56088396,T,G
chr12,111446804,T,C
chr14,68796882,T,C
chr14,98032614,A,G
chr15,78943104,T,C
chr16,11086016,A,G
chr16,20331250,T,A
chr16,28528527,C,T
chr16,75213347,T,G
chr17,7730374,C,T
chr17,39909987,T,C
chr17,40614034,T,C
chr18,12809341,A,G
chr19,46705224,T,C
chr20,1629905,T,C
chr21,42416077,G,A
chr22,30185733,C,T
chr22,37195278,G,A
chrX,154717327,G,A
chr1,113761186,C,A
chr4,122277280,A,G
chr4,122408207,G,A
chr5,133293192,G,C
chr6,32636595,G,A
chr12,9681032,C,T
chr12,9703362,T,G
chr12,56076841,C,T
chr12,112049014,A,G
chr16,11086016,A,G
chr1,113761186,C,A
chr2,24469940,C,G
chr2,203874196,G,A
chr6,32636595,G,A
chr6,90248512,C,G
chr10,6081532,C,T
chr10,6348488,G,A
chr12,56088396,T,G
chr12,112049014,A,G
chr15,78943104,T,C
chr16,11086016,A,G
chr16,11270222,A,T
chr18,12779948,G,T
chr22,37195278,G,A
chr1,113761186,C,A
chr1,113834946,A,G
chr2,100208905,C,T
chr2,162267541,C,T
chr5,35874473,C,T
chr5,35910427,C,T
chr11,2148544,A,G
chr12,56088396,T,G
chr12,112049014,A,G
chr16,11086016,A,G
chr18,12779948,G,T
chr18,69864406,T,C
chr14,100839708,A,G
chr19,10364976,C,A
chr1,113537449,C,T
chr1,113834946,A,G
chr1,113886839,G,A
chr4,121392885,A,G
chr6,30110498,C,T
chr6,30814225,C,T
chr6,31396930,G,A
chr6,31600692,G,A
chr6,31951083,A,G
chr6,32395438,T,C
chr6,32830954,C,T
chr2,99844192,C,T
chr2,99844192,C,T
chr2,212304043,G,A
chr4,173653255,C,G
chr8,122693916,G,A
chr12,120536707,C,T
chr14,56754421,G,A
chr15,93598604,T,G
chr20,32943738,C,T
chr20,60320788,G,A
chr20,60321657,A,G
chr9,22137686,T,G
chr1,94604485,T,C
chr2,150781422,C,G
chr11,11206827,C,G
chr11,129603795,A,C
chr11,2822986,G,C
chr15,62121815,C,T
chr6,20661019,G,C
chr9,4293150,A,C
chr10,12265895,C,T
chr10,119389891,C,T
chr11,2818521,C,T
chr15,38530704,T,C
chr17,37738049,A,G
chrX,153597180,A,G
chrX,153634467,A,G
chr8,117172544,C,T
chr10,92703125,C,T
chr10,112998590,C,T
chr9,8879118,C,T
chr11,2835964,A,C
chr17,2312964,T,C
chr2,229657682,G,A
chr11,2810311,T,C
chr15,62104190,A,G
chr3,12351626,C,G
chr3,185793899,G,T
chr6,20661019,G,C
chr8,117172544,C,T
chr9,22134095,T,C
chr10,92703125,C,T
chr10,112998590,C,T
chr11,17388025,T,C
chr11,41893816,C,A
chr16,53782363,C,A
chr4,46966033,T,C
chr4,1260747,C,T
chr9,90870958,A,C
chr9,109764009,C,G
chr6,20679478,A,G
chr8,117172544,C,T
chr10,112998590,C,T
chr6,20660803,A,C
chr8,117172544,C,T
chr9,22134095,T,C
chr10,112998590,C,T
chr10,112998590,C,T
chr11,17388025,T,C
chr11,17388025,T,C
chr16,53782363,C,A
chr3,185793899,G,T
chr6,20657333,A,G
chr8,117172544,C,T
chr10,92703125,C,T
chr10,112998590,C,T
chr11,2818521,C,T
chr1,147524657,A,C
chr2,45521138,C,T
chr2,199751534,G,A
chr3,66779484,T,C
chr3,185827931,C,T
chr3,187880139,G,A
chr5,82717035,T,C
chr6,113586847,A,T
chr6,151135457,G,A
chr12,43176712,T,A
chr13,45312051,C,A
chr13,71021178,C,T
chr13,73190488,T,G
chr16,12624996,T,A
chr18,5030024,C,T
chr20,32725930,G,A
chr2,160314943,T,C
chr3,12351626,C,G
chr3,185793899,G,T
chr6,20661019,G,C
chr8,117172544,C,T
chr9,22134095,T,C
chr10,92703125,C,T
chr10,112998590,C,T
chr11,17388025,T,C
chr9,10430602,T,C
chr1,50723884,G,C
chr1,154364240,G,A
chr1,154364240,G,A
chr2,27519736,T,C
chr2,53169910,C,G
chr2,57060276,A,G
chr2,57060276,A,G
chr3,23036270,T,C
chr3,64017221,T,C
chr3,115131989,C,T
chr3,123421016,G,A
chr3,185811292,A,C
chr4,1242714,C,G
chr5,56510924,A,G
chr6,20682391,T,C
chr6,65908764,G,A
chr7,127561610,C,T
chr7,127597258,T,C
chr7,128223242,G,C
chr8,12954071,T,G
chr8,41651740,G,A
chr8,117172544,C,T
chr9,4297892,T,C
chr9,22301093,T,A
chr9,22301093,T,A
chr9,79300468,T,C
chr9,81678538,G,A
chr9,136350837,G,A
chr10,12265895,C,T
chr10,79184084,G,A
chr10,92713872,G,A
chr10,93052497,A,C
chr10,112994312,T,C
chr10,121090153,A,G
chr11,2193859,G,A
chr11,2193859,G,A
chr11,2620807,A,G
chr11,2837210,G,A
chr11,72767275,G,A
chr12,27810574,T,G
chr12,31313679,G,A
chr12,31313679,G,A
chr12,120994496,C,T
chr13,80131180,G,T
chr15,40327523,T,C
chr15,40327523,T,C
chr15,62116871,G,C
chr15,90962549,G,C
chr16,53767042,T,C
chr16,85702046,A,G
chr17,37739961,A,T
chr19,45654658,G,A
chr1,91728765,C,A
chr2,134722410,G,T
chr5,56808481,A,G
chr10,112998590,C,T
chr16,53782363,C,A
chr1,228744368,G,A
chr3,185811292,A,C
chr3,185811292,A,C
chr3,185811292,A,C
chr3,185811292,A,C
chr3,185811292,A,C
chr5,155967220,C,T
chr5,155967220,C,T
chr8,133184606,T,C
chr10,112998590,C,T
chr10,112998590,C,T
chr10,112998590,C,T
chr10,112998590,C,T
chr10,112998590,C,T
chr13,23290518,G,A
chr17,796780,T,C
chr20,57454548,T,C
chr3,23156993,G,A
chr3,185811292,A,C
chr4,1316113,C,G
chr6,20661019,G,C
chr7,128222749,A,G
chr8,117172544,C,T
chr9,22134095,T,C
chr9,136357696,G,A
chr10,92703125,C,T
chr10,112998590,C,T
chr11,2818521,C,T
chr15,62104190,A,G
chr15,89831025,C,A
chr17,7037074,G,A
chr17,37738049,A,G
chrX,153634467,A,G
chr7,127606849,G,A
chr2,164645339,A,C
chr3,186948673,C,T
chr10,69171718,C,T
chr15,77454848,A,G
chr15,89831025,C,A
chr20,44360627,G,A
chr4,121744359,C,T
chr6,20717024,T,C
chr10,112996282,A,T
chr12,50963759,A,G
chr12,71183321,G,C
chr16,53786615,T,A
chr2,164893880,C,T
chr10,112994329,T,C
chr3,185813873,C,T
chr9,22136490,A,T
chr11,2818521,C,T
chr12,120965129,C,T
chr14,100676553,G,A
chr1,50444313,G,A
chr1,213981376,G,T
chr1,219575476,C,G
chr2,646674,T,C
chr2,60341610,A,T
chr2,164645339,A,C
chr2,226228869,A,C
chr3,12351626,C,G
chr3,23294959,C,A
chr3,123363551,T,C
chr3,185793899,G,T
chr3,186948673,C,T
chr3,188022735,T,C
chr4,6288259,T,G
chr4,152599323,C,T
chr5,53975590,G,A
chr5,134904545,T,C
chr6,7258384,C,T
chr6,20679478,A,G
chr6,31168937,T,C
chr6,39316274,G,T
chr6,43844025,C,T
chr6,126643364,A,G
chr6,136970143,A,C
chr7,13861106,A,G
chr7,14858657,C,T
chr7,28156794,G,A
chr7,30674820,A,G
chr8,41661730,T,C
chr8,94925274,T,C
chr8,117172786,G,A
chr8,128555832,C,T
chr9,4287466,A,G
chr9,22134095,T,C
chr9,79290675,A,G
chr9,81694033,G,A
chr10,12265895,C,T
chr10,69692529,T,C
chr10,79182874,A,G
chr10,88008827,G,A
chr10,92703125,C,T
chr10,112998590,C,T
chr10,122432914,T,C
chr11,2825839,T,G
chr11,17387083,C,T
chr11,72722053,A,C
chr11,92975544,C,G
chr12,27812217,C,T
chr12,65818538,C,T
chr12,120989098,G,C
chr12,123156306,C,G
chr13,26207391,G,A
chr13,80143021,G,A
chr15,62099409,C,T
chr15,77454848,A,G
chr15,89831025,C,A
chr15,91000846,A,G
chr16,53785257,T,C
chr17,37738049,A,G
chr18,60217517,G,A
chr19,45655255,T,G
chr20,44360627,G,A
chr10,12272998,A,G
chr10,92705802,C,T
chr13,80143021,G,A
chr15,62112183,C,T
chr10,63341311,G,C
chr11,2817183,T,C
chr1,119975336,G,T
chr2,43505684,T,C
chr3,12236345,G,A
chr3,64726228,C,T
chr3,185793899,G,T
chr6,20703721,A,G
chr6,43844025,C,T
chr7,28140937,T,C
chr9,22129580,C,T
chr10,12286011,A,G
chr10,92705802,C,T
chr10,112998590,C,T
chr11,17387083,C,T
chr12,54705212,T,A
chr12,71269322,C,T
chr16,53782363,C,A
chr3,64062621,T,C
chr4,1316113,C,G
chr6,38139068,T,C
chr6,39316274,G,T
chr7,127524904,A,G
chr9,4287466,A,G
chr16,79373021,C,T
chr16,81455768,C,T
chr19,33402102,A,G
chr20,44318326,T,G
chr1,241024982,C,T
chr2,30845153,C,G
chr4,947730,C,T
chr6,31379674,A,G
chr6,31379674,A,G
chr7,43280995,C,T
chr8,67701155,T,C
chr8,94844683,A,G
chr8,94844683,A,G
chr10,112998590,C,T
chr10,112998590,C,T
chr11,2157440,G,A
chr11,2183058,G,T
chr11,2828300,A,C
chr11,2828300,A,C
chr12,65857160,T,G
chr12,65857160,T,G
chr15,60076007,C,A
chr15,60076007,C,A
chr1,39570256,G,T
chr3,185790803,T,C
chr5,56565774,G,A
chr6,20686342,C,A
chr6,32659352,A,G
chr7,28156603,A,G
chr8,117172544,C,T
chr9,22134095,T,C
chr10,112994312,T,C
chr19,44888997,C,T
chr3,12351626,C,G
chr3,185793899,G,T
chr6,20660803,A,C
chr8,117172544,C,T
chr9,22029548,T,C
chr9,22134095,T,C
chr10,92705802,C,T
chr10,112994329,T,C
chr11,17387083,C,T
chr16,53782363,C,A
chr9,28772702,A,T
chr10,112998590,C,T
chr11,2837316,C,T
chr3,185812502,T,C
chr6,20657634,A,G
chr11,2837316,C,T
chr3,123346931,A,G
chr3,185793899,G,T
chr6,20686342,C,A
chr6,20686342,C,A
chr6,32717773,G,A
chr8,117172786,G,A
chr10,92705802,C,T
chr10,112998590,C,T
chr10,112998590,C,T
chr15,77454848,A,G
chr16,53786615,T,A
chr6,20686342,C,A
chr9,91633578,A,T
chr10,112994312,T,C
chr14,59285112,C,T
chr18,24259188,A,T
chr1,207478831,A,G
chr1,233204408,A,G
chr2,3793830,T,A
chr3,102484201,C,A
chr3,142712158,G,C
chr3,179943530,G,A
chr4,163611649,T,C
chr6,20652486,C,G
chr6,70579486,A,G
chr6,139952510,G,A
chr7,100892456,G,A
chr10,92588073,G,A
chr10,131149699,C,G
chr15,77485290,C,T
chr18,2948031,C,T
chr19,39090097,A,G
chr21,32012873,A,G
chr2,60357684,G,A
chr2,226155937,A,G
chr3,12248301,A,G
chr3,185811292,A,C
chr4,6301295,C,T
chr5,77129124,G,A
chr6,20687890,T,A
chr7,28156603,A,G
chr7,130782095,A,G
chr8,94948283,T,C
chr8,117172786,G,A
chr9,22133285,G,A
chr9,79337213,C,T
chr10,92705802,C,T
chr10,112998590,C,T
chr11,2670241,A,G
chr11,72722053,A,C
chr11,92940662,C,T
chr12,65781114,G,C
chr12,71241014,A,G
chr12,121022883,T,A
chr15,80139880,A,G
chr15,90978107,C,A
chr16,53811575,C,A
chr17,37738049,A,G
chrX,153634467,A,G
chr2,105221141,T,C
chr10,112998590,C,T
chr10,112998590,C,T
chr11,2818521,C,T
chr1,67242674,G,A
chr1,77349740,C,A
chr1,171318113,T,C
chr1,213951127,C,T
chr2,1939845,C,T
chr3,29204690,A,C
chr4,42553794,C,G
chr4,154211555,T,C
chr5,58446375,C,A
chr6,6593462,T,C
chr6,154233115,T,C
chr7,109950854,T,A
chr8,102440080,A,C
chr10,9470063,G,A
chr12,129613305,G,A
chr14,38378799,A,G
chr17,42811886,G,A
chr20,53554244,G,A
chr9,110657479,A,T
chr16,24799360,C,T
chr22,43852624,G,A
chr3,188074923,T,C
chr5,124804202,C,T
chr2,226229029,T,C
chr4,6268329,G,A
chr5,90250292,A,G
chr6,20657333,A,G
chr8,117172544,C,T
chr10,112998590,C,T
chr6,132825657,C,A
chr6,148383818,G,A
chr9,91213189,G,A
chr12,65723778,G,A
chr22,31249773,C,T
chr7,36878390,C,T
chr1,48083641,G,A
chr1,70608238,A,G
chr2,128386380,A,G
